-- MySQL Script generated by MySQL Workbench
-- Mon Apr 29 16:24:30 2019
-- Model: New Model    Version: 1.0
-- MySQL Workbench Forward Engineering

CREATE USER 'user'@'%' IDENTIFIED BY 'pass';
GRANT ALL PRIVILEGES ON *.* TO 'user'@'%';
FLUSH PRIVILEGES;

SET @OLD_UNIQUE_CHECKS=@@UNIQUE_CHECKS, UNIQUE_CHECKS=0;
SET @OLD_FOREIGN_KEY_CHECKS=@@FOREIGN_KEY_CHECKS, FOREIGN_KEY_CHECKS=0;
SET @OLD_SQL_MODE=@@SQL_MODE, SQL_MODE='TRADITIONAL,ALLOW_INVALID_DATES';

-- -----------------------------------------------------
-- Schema mydb
-- -----------------------------------------------------

-- -----------------------------------------------------
-- Schema mydb
-- -----------------------------------------------------
CREATE SCHEMA IF NOT EXISTS `mydb` DEFAULT CHARACTER SET utf8 ;
USE `mydb` ;

-- -----------------------------------------------------
-- Table `mydb`.`user`
-- -----------------------------------------------------
CREATE TABLE IF NOT EXISTS `mydb`.`user` (
  `id` INT NOT NULL AUTO_INCREMENT,
  `username` VARCHAR(45) NOT NULL,
  `email` VARCHAR(45) NOT NULL,
  `pseudo` VARCHAR(45) NULL,
  `password` VARCHAR(45) NOT NULL,
  `created_at` DATETIME NOT NULL,
  PRIMARY KEY (`id`),
  UNIQUE INDEX `email_UNIQUE` (`email` ASC),
  UNIQUE INDEX `username_UNIQUE` (`username` ASC))
ENGINE = InnoDB;


-- -----------------------------------------------------
-- Table `mydb`.`video`
-- -----------------------------------------------------
CREATE TABLE IF NOT EXISTS `mydb`.`video` (
  `id` INT NOT NULL AUTO_INCREMENT,
  `name` VARCHAR(45) NOT NULL,
  `duration` INT NULL,
  `user_id` INT NOT NULL,
  `source` VARCHAR(45) NOT NULL,
  `created_at` DATETIME NOT NULL,
  `view` INT NOT NULL,
  `enabled` TINYINT(1) NOT NULL,
  PRIMARY KEY (`id`),
  INDEX `fk_video_user_idx` (`user_id` ASC),
  CONSTRAINT `fk_video_user`
    FOREIGN KEY (`user_id`)
    REFERENCES `mydb`.`user` (`id`)
    ON DELETE NO ACTION
    ON UPDATE NO ACTION)
ENGINE = InnoDB;


-- -----------------------------------------------------
-- Table `mydb`.`video_format`
-- -----------------------------------------------------
CREATE TABLE IF NOT EXISTS `mydb`.`video_format` (
  `id` INT NOT NULL AUTO_INCREMENT,
  `code` VARCHAR(45) NOT NULL,
  `uri` VARCHAR(45) NOT NULL,
  `video_id` INT NOT NULL,
  PRIMARY KEY (`id`),
  INDEX `fk_video_format_video1_idx` (`video_id` ASC),
  CONSTRAINT `fk_video_format_video1`
    FOREIGN KEY (`video_id`)
    REFERENCES `mydb`.`video` (`id`)
    ON DELETE NO ACTION
    ON UPDATE NO ACTION)
ENGINE = InnoDB;


-- -----------------------------------------------------
-- Table `mydb`.`token`
-- -----------------------------------------------------
CREATE TABLE IF NOT EXISTS `mydb`.`token` (
  `id` INT NOT NULL AUTO_INCREMENT,
  `code` VARCHAR(45) NOT NULL,
  `expired_at` DATETIME NOT NULL,
  `user_id` INT NOT NULL,
  PRIMARY KEY (`id`),
  INDEX `fk_token_user1_idx` (`user_id` ASC),
  UNIQUE INDEX `code_UNIQUE` (`code` ASC),
  CONSTRAINT `fk_token_user1`
    FOREIGN KEY (`user_id`)
    REFERENCES `mydb`.`user` (`id`)
    ON DELETE NO ACTION
    ON UPDATE NO ACTION)
ENGINE = InnoDB;


-- -----------------------------------------------------
-- Table `mydb`.`comment`
-- -----------------------------------------------------
CREATE TABLE IF NOT EXISTS `mydb`.`comment` (
  `id` INT NOT NULL AUTO_INCREMENT,
  `body` LONGTEXT NULL,
  `user_id` INT NOT NULL,
  `video_id` INT NOT NULL,
  PRIMARY KEY (`id`),
  INDEX `fk_comment_user1_idx` (`user_id` ASC),
  INDEX `fk_comment_video1_idx` (`video_id` ASC),
  CONSTRAINT `fk_comment_user1`
    FOREIGN KEY (`user_id`)
    REFERENCES `mydb`.`user` (`id`)
    ON DELETE NO ACTION
    ON UPDATE NO ACTION,
  CONSTRAINT `fk_comment_video1`
    FOREIGN KEY (`video_id`)
    REFERENCES `mydb`.`video` (`id`)
    ON DELETE NO ACTION
    ON UPDATE NO ACTION)
ENGINE = InnoDB;


SET SQL_MODE=@OLD_SQL_MODE;
SET FOREIGN_KEY_CHECKS=@OLD_FOREIGN_KEY_CHECKS;
SET UNIQUE_CHECKS=@OLD_UNIQUE_CHECKS;

insert into user values (1, 'toto', 'toto@toto.fr', "truc", 'password', now());
insert into user values (2, 'titi', 'titi@titi.fr', "bidul", 'test', now());
insert into user values (3, 'tata', 'tata@tata.fr', "chouette", 'plop', now());

insert into video values (1, 'video 1', 60, 1, 'source bidon 1', now(), 1, 1);
insert into video values (2, 'video 2', 120, 3, 'source bidon 2', now(), 4, 1);
insert into video values (3, 'video 3', 90, 1, 'source bidon 3', now(), 12, 1);
insert into video values (4, 'video 4', 30, 2, 'source bidon 4', now(), 7, 0);

insert into comment values (1, 'commentaire 1', 1, 1);
insert into comment values (2, 'commentaire 2', 1, 3);
insert into comment values (3, 'commentaire 3', 3, 1);
insert into comment values (4, 'commentaire 4', 2, 1);
insert into comment values (5, 'commentaire 5', 3, 2);